<?xml version="1.0" encoding="UTF-8"?> 
<!DOCTYPE hibernate-configuration SYSTEM
"http://www.hibernate.org/dtd/hibernate-configuration-3.0.dtd"> 
 
<hibernate-configuration> 
  <session-factory> 
   
    <property name = "hibernate.dialect">org.hibernate.dialect.MySQLDialect</property> 
    <property name = "hibernate.connection.driver_class">com.mysql.cj.jdbc.Driver</property> 
    <property name = "hibernate.connection.url">jdbc:mysql://localhost:3306/jfsd</property> 
    <property name = "hibernate.connection.username">root</property> 
    <property name = "hibernate.connection.password">Madhu@1655</property> 
    <!-- JDBC connection pool settings -->
        <property name="hibernate.c3p0.min_size">5</property>
        <property name="hibernate.c3p0.max_size">20</property>

        <!-- SQL dialect -->
        <property name="hibernate.dialect">org.hibernate.dialect.MySQL5Dialect</property>

        <!-- Echo all executed SQL to stdout -->
        <property name="hibernate.show_sql">true</property>
        <property name="hibernate.format_sql">true</property>

        <!-- Automatically create tables if they don't exist -->
        <property name="hibernate.hbm2ddl.auto">update</property>

        <!-- Mapped classes -->
        <mapping class="com.example.model.User"/>
  </session-factory> 
</hibernate-configuration>